DATETIMEDATA,PM25
2024-02-29,16.9040562806608
2024-03-01,21.028383438961324
2024-03-02,20.995486167805005
2024-03-03,20.13778888072234
2024-03-04,20.217399742977435
2024-03-05,21.24476358061225
2024-03-06,21.144061427864877
2024-03-07,21.407439722809634
