DATETIMEDATA,PM25,O3
2024-02-29,16.9040562806608,12.577879070914689
2024-03-01,21.028383438961324,9.329537867495649
2024-03-02,20.995486167805005,9.292463627219192
2024-03-03,20.13778888072234,9.786587092477642
2024-03-04,20.217399742977435,10.794685064922248
2024-03-05,21.24476358061225,11.083333557963671
2024-03-06,21.14406142786488,10.96851057764387
2024-03-07,21.407439722809634,11.48449746928717
